epoch,learning_rate,train_step_loss,train_progress_loss,train_mistake_loss,train_idle_loss,train_loss,train_step_acc,train_step_macro_f1,train_step_balanced_acc,train_idle_acc,train_idle_f1,train_mistake_acc,train_mistake_f1,train_progress_mae_percent,train_end_to_end_macro_f1,train_end_to_end_acc,train_windows,train_task_windows,train_progress_loss_lanes,train_progress_metric_lanes
1,0.001,0.34012470691437574,0.10918228362418744,0.9929164906202947,0.26756789845893386,0.7242679188795071,0.6043475821833277,0.36790355404260383,0.36513518037925646,0.8793147617511433,0.5474534360379272,0.7280348027401939,0.3157681152501104,26.31879922066323,0.35931147661988383,0.5695295747385999,210788,178260,198518,197688
2,0.0009829629131445341,0.27326207378615186,0.09339324304784036,0.6689472221271981,0.22405543696482877,0.5467753007316292,0.6888814091776058,0.5064484422974781,0.49922174465163976,0.9016120462265405,0.6604005305474135,0.8490189194830825,0.48900948925033316,24.152171784972467,0.492933585322495,0.6601229671518303,210788,178260,198518,197688
3,0.0009330127018922195,0.25074269762663,0.08981948589644712,0.42992839934179056,0.20688237073713434,0.44804353734552815,0.7225120610344441,0.5570951055212066,0.5485478948350876,0.9104171015427823,0.6944448939303225,0.9057773687306678,0.6269183807645347,23.54937032939094,0.5432737962102062,0.6940527923790728,210788,178260,198518,197688
4,0.0008535533905932737,0.23426552613218077,0.08744766541007543,0.2790624097786762,0.1941489419863704,0.3830483370860804,0.7469594973634017,0.5937833993875606,0.5870221375127528,0.9166129001650948,0.7198393343853106,0.9406038294400061,0.7352729733158541,23.2072026865335,0.5807680457123399,0.7196614608042203,210788,178260,198518,197688
5,0.00075,0.2199641577611737,0.08562491090895835,0.17916085091259665,0.18346551795540755,0.3360929898987217,0.7680130146976327,0.6219197768088133,0.6160533752939654,0.9213000740080081,0.7378932233650914,0.9629627872554415,0.8207059688124383,22.887093815045752,0.6100363651095633,0.7409529954266846,210788,178260,198518,197688
6,0.0006294095225512604,0.2081587408157531,0.0837834465970158,0.12098475517042516,0.17430291037657958,0.3044497834213013,0.7866431055761247,0.6482089089969365,0.6437174193026006,0.9257879955215667,0.7537970001731275,0.9751978290984307,0.8735671100362757,22.62529287241388,0.6357788684575488,0.7596257851490598,210788,178260,198518,197688
7,0.0005,0.19802703034186234,0.08218798319938236,0.08566937060151482,0.16513484251031588,0.28141120498419464,0.802849769998878,0.6717606152064822,0.668320153739898,0.9301288498396493,0.7692114830136643,0.9829496935309411,0.9101050525262632,22.37506653864937,0.6607144679166465,0.7768279029166746,210788,178260,198518,197688
8,0.0003705904774487397,0.18865402723890415,0.08073161134110156,0.05549480110450847,0.15665759532435727,0.2608534700374586,0.8184337484573095,0.6942562679709848,0.6919584560673375,0.9336632066341537,0.7819823190981805,0.9890458659885762,0.9406625035335235,22.124592258631978,0.6832034054225082,0.7925546046264493,210788,178260,198518,197688
9,0.0002500000000000001,0.18109931561057477,0.07940372976742652,0.037168658971628146,0.1490469384750931,0.24588041992730977,0.8330977224279142,0.7151505347936572,0.7129624297391738,0.937463233201131,0.7943140681562851,0.9926086874015598,0.959304147946923,21.914073803535693,0.704495564668997,0.8076598288327609,210788,178260,198518,197688
10,0.00014644660940672628,0.1753087469903125,0.07864652516525436,0.025478418337862227,0.1433010434116709,0.23520643872358163,0.8418377650622686,0.7283378336998868,0.7269120656909182,0.9403666242860125,0.804625571202089,0.9948099512306203,0.9711132234896493,21.781053406471216,0.7188353906106238,0.8173567755280187,210788,178260,198518,197688
11,6.698729810778065e-05,0.17191391528916158,0.07788818433116974,0.01770982589430894,0.13896739939667233,0.22838679823613967,0.8482441377762818,0.7373647417133148,0.7364230342461786,0.9424587737442359,0.8118864091071235,0.9963138319069397,0.9793422486906123,21.65927856281369,0.7284298404810589,0.8243068865400307,210788,178260,198518,197688
12,1.70370868554659e-05,0.1699615162805667,0.07758257316198774,0.014512411706669575,0.13646678021295175,0.22488336778375423,0.8513126893301919,0.7411180207672304,0.7401183965230852,0.9433886179478908,0.8144312261876993,0.9971440499459172,0.9839312406576981,21.60676628656338,0.732322055840291,0.8274854356035448,210788,178260,198518,197688
13,0.0,0.16940761867847778,0.07747635920993914,0.01322528711809498,0.13566791963585867,0.22375169650405977,0.8529956243688993,0.7441860089044999,0.743683491418056,0.9439247015959162,0.8166247789258122,0.9972389320075147,0.9844592790387183,21.566704784061564,0.7359742351841336,0.8296155378864072,210788,178260,198518,197688
14,1.7037086855465843e-05,0.16948545405852816,0.07737290115181443,0.013668190317818825,0.13634206313927386,0.2240661941272729,0.8518287894087289,0.741887141708821,0.7410081009074384,0.9437823785035201,0.8159309080741869,0.9971867468736361,0.9841693584986252,21.56038750313549,0.7338500439475681,0.8283963033948801,210788,178260,198518,197688
15,6.69872981077806e-05,0.16897446521608184,0.07742600105274648,0.015210795240598284,0.13579608193310844,0.22392472049070697,0.8534892853135869,0.7452764295550506,0.7448462703555905,0.9437301933696416,0.8157342820301698,0.9968024745241665,0.9820362473347548,21.57627519778357,0.7360959192147496,0.829402053247813,210788,178260,198518,197688
16,0.00014644660940672604,0.1681981346848785,0.07747414020323622,0.024083190787633286,0.13472312885748947,0.22560995975363723,0.8553573432065522,0.7490296661263979,0.7489391985686705,0.9444465529347021,0.8182523669098246,0.9958441657020324,0.9767244127962589,21.565942452449907,0.7403315695578236,0.8318594986431865,210788,178260,198518,197688
17,0.00024999999999999973,0.16814103491831534,0.07772463107031921,0.034168384552395285,0.13438456898065013,0.2285858534012597,0.8549927072814989,0.748796143350574,0.7483044753511843,0.944342182666945,0.8181761825057343,0.9942643793764351,0.9680842638789895,21.609816505475663,0.7401643995567024,0.831470482190637,210788,178260,198518,197688
18,0.00037059047744873963,0.16791720176217254,0.07807206301460468,0.05085210791754232,0.13532997219541537,0.23366044748089973,0.8558285650173904,0.7511699726991707,0.7510097198564811,0.943307968195533,0.8142448548156438,0.9923762263506462,0.957899976421891,21.681082963142675,0.7414505702133651,0.831285462170522,210788,178260,198518,197688
19,0.0004999999999999998,0.1684919759711181,0.0783681058725226,0.05764645030397013,0.13431235294394117,0.23615881341285413,0.8544205093683384,0.7502745033827017,0.7501719643211736,0.9438393077404786,0.815630451034139,0.9898713399244738,0.9446905520582368,21.70314920806792,0.7411639174097018,0.8304789646469438,210788,178260,198518,197688
20,0.00062940952255126,0.16894314051316894,0.0786175823963401,0.07247549139792023,0.13654600036888057,0.24158026272522315,0.854633681139908,0.7519824202007704,0.7516830894485761,0.943303224092453,0.814162869893794,0.9880875571664421,0.9354681195548816,21.76192430940268,0.7419687536694493,0.8302702241114295,210788,178260,198518,197688
21,0.0007499999999999998,0.16807946538703253,0.0788312986496526,0.07679603680328374,0.13529128653943376,0.2418259233308002,0.8565914955682711,0.7549473727192295,0.7545419541140143,0.9432273184431751,0.8137170965582727,0.9867544642009981,0.928659035159444,21.777751232446853,0.7447267901350136,0.8316128052830332,210788,178260,198518,197688
22,0.0008535533905932735,0.16750778175871642,0.0788411535168789,0.08123662872847374,0.1351619774618599,0.2425635119246942,0.8583697969258387,0.7578345593686183,0.7572997938476292,0.9436258231018844,0.8149843523751693,0.9854403476478737,0.922065060057391,21.789722044924964,0.7480467416193533,0.8338045809059339,210788,178260,198518,197688
23,0.0009330127018922189,0.16533188871366467,0.07836418935519049,0.07784237865275385,0.13359491855150962,0.2389128428263499,0.861819813755189,0.7636573745532543,0.7634074678696587,0.9444939939655009,0.818142253170853,0.9865172590470046,0.9275775954334642,21.69721728222966,0.7536785843091098,0.8373389377004383,210788,178260,198518,197688
24,0.000982962913144534,0.1640371125704184,0.07840030921842499,0.0816827792694309,0.13302553394993838,0.23866714590676283,0.864512509817121,0.7678258259831929,0.7674486411971141,0.9441239539252709,0.8168330689558645,0.9855257415033114,0.92249853938578,21.702253608661934,0.7561690861841746,0.8391511850769493,210788,178260,198518,197688
25,0.0009999999999999998,0.1608277102218515,0.07793232960378159,0.0732025427931022,0.13038799716159172,0.232245771373235,0.870256928082576,0.7763014992833399,0.7756183304673131,0.945969410023341,0.8230725015923319,0.9872668273336243,0.9313449634214969,21.613487311228877,0.7655497735950402,0.8454798185854983,210788,178260,198518,197688
26,0.000982962913144534,0.15697422908440867,0.07722161375320573,0.06330679776238025,0.1262117089413804,0.22437509432736055,0.8759171995960956,0.7851235012678217,0.7848727170678566,0.9475681727612577,0.8285288733049927,0.988571455680589,0.9380608335690227,21.50732770355337,0.7748178579037752,0.8515617587338937,210788,178260,198518,197688
27,0.0009330127018922191,0.15294936312501145,0.07621844902349084,0.05395536129764327,0.12112357670654302,0.21622622156266028,0.882592841916302,0.7951297106525174,0.7952086587441941,0.9497979012087975,0.8359990081210092,0.9905402584587358,0.948293745462089,21.300354426886724,0.7850778940033454,0.8589388390230943,210788,178260,198518,197688
28,0.0008535533905932736,0.14774848946382044,0.07509514712185533,0.041130736209781936,0.11400234071498583,0.20541672260630878,0.8919723998653653,0.8099629785331156,0.8106655988528398,0.9526064102320815,0.8450201675457648,0.9926324079169592,0.9593317097441537,21.14242609902504,0.8003888422065288,0.8690153139647419,210788,178260,198518,197688
29,0.00075,0.14388917318468952,0.0739079791207159,0.03415277910982565,0.10761981397029637,0.19783136344791125,0.8990631661617862,0.8204287170452227,0.8202746251959117,0.9555667305539215,0.8547952001488326,0.9938753629238856,0.9660003687024308,20.910756478281264,0.8117940600316063,0.8773934000037953,210788,178260,198518,197688
30,0.0006294095225512601,0.13925791510466184,0.07234500397322619,0.025048993521246354,0.09964065657700638,0.18840424566840486,0.9064792998990239,0.8314301008804765,0.83204740675644,0.9589208114313907,0.8658663155448842,0.9955452872080005,0.9750763105507632,20.643981278514318,0.8240887825947345,0.886317057897034,210788,178260,198518,197688
