epoch,train_loss,val_loss,train_step_loss,val_step_loss,train_progress_loss,val_progress_loss,train_acc,val_acc,train_progress_mae,val_progress_mae,train_mistake_loss,val_mistake_loss,train_mistake_acc,val_mistake_acc
1,1.3834537467256751,1.9259573908711303,1.3834537467256751,1.9259573908711303,0.22473387101620207,0.21666238567288287,0.6109345659396216,0.47169017049042306,0.3497064328341751,0.3342223970093644,0.7406004579377522,0.7505886481325643,0.3320814675718619,0.18522416333403494
2,1.340933252169565,1.9119249358726185,1.340933252169565,1.9119249358726185,0.22086722310565204,0.21064450249069616,0.6172901921132457,0.46684908440328354,0.34635024247969504,0.3285692655972445,0.7384617537083558,0.7453733619025722,0.3401343348259425,0.20564091770153653
3,1.285631415042577,1.921219504323665,1.285631415042577,1.921219504323665,0.21604703789705765,0.2072962149734611,0.6315181279791998,0.46011366028204587,0.3416385500740664,0.326144627527334,0.7300957724243234,0.7440119003577123,0.3727069189657663,0.20627236371290256
4,1.2496254734439898,1.9207033709309473,1.2496254734439898,1.9207033709309473,0.21523202779009631,0.21246140661359875,0.6400404448938322,0.45695643022521576,0.3415541441931677,0.33021756802934316,0.7297523365739831,0.745705601517162,0.3749819442438249,0.18501368133024626
5,1.2105238494648507,1.8898387918269552,1.2105238494648507,1.8898387918269552,0.21457702383371027,0.20016512455674718,0.6477683085367615,0.4546411281835403,0.34103952824561456,0.31731484927138237,0.7271337507347245,0.7396393374151191,0.3872959699552217,0.19343296148179331
6,1.1845971318006205,1.9198152710577985,1.1845971318006205,1.9198152710577985,0.21605461503743748,0.2024965169279905,0.6545933843709375,0.4352767838349821,0.34120869262876596,0.3188629658099627,0.7237328048921916,0.7375514724208941,0.397623862487361,0.1986950115765102
7,1.1731752841162333,1.9509531232688935,1.1731752841162333,1.9509531232688935,0.21320363719064206,0.2004556681555438,0.6553517261302904,0.4319090717743633,0.33941768071700706,0.31899015995777924,0.7208392283018659,0.736909647937374,0.4088184313159035,0.20564091770153653
8,1.1415505477601386,1.9387040400449864,1.1415505477601386,1.9387040400449864,0.21361481375636074,0.20036055742804346,0.6641629351437238,0.44516943801304987,0.3404726478494903,0.3171753456070784,0.7229737126463912,0.7449091454476614,0.40419615773508594,0.18227741528099348
9,1.1541191071732513,1.9104459455354017,1.1541191071732513,1.9104459455354017,0.21494186550882463,0.20203927007643574,0.6619601328903655,0.4352767838349821,0.34137083373282595,0.3203068124046077,0.721705090055985,0.7386631914450731,0.40509894554383935,0.19743211955377815
10,1.159580794610885,1.920458724889673,1.159580794610885,1.920458724889673,0.21059306933840938,0.19563895973377518,0.6512350137223747,0.45253630814565354,0.338048533472594,0.3151658402398696,0.7230277421690386,0.7335183958434175,0.3980210891232125,0.2321616501789097
11,1.096182538563162,1.933719523252625,1.096182538563162,1.933719523252625,0.2056703769508924,0.19532418994919498,0.6762241802686697,0.42243738160387284,0.3355966715881216,0.3152271164304782,0.7232639449672101,0.7483313726490609,0.40098223313592374,0.15786150284150705
12,1.0795899850000075,1.9473194996449,1.0795899850000075,1.9473194996449,0.20756847570565123,0.1861927898191394,0.6823270258558428,0.425594611660703,0.3362110427964307,0.3083605982207971,0.7283558005906419,0.746278786930228,0.3876931965910732,0.18669753736055567
13,1.1083149714706158,1.9515219248864204,1.1083149714706158,1.9515219248864204,0.20220110674874212,0.19290843144372039,0.6674851942799365,0.4308566617554199,0.33168679044440563,0.31520465646316265,0.7305703822043905,0.7448880354546668,0.37971255236169293,0.17596295516733318
14,1.0652416299296203,1.9893934014620869,1.0652416299296203,1.9893934014620869,0.20540293429983708,0.19249409601547904,0.6824714719052434,0.4314881077667859,0.3355471497452984,0.31240331317419456,0.7268235652876885,0.7404866793662015,0.3943377148634985,0.19322247947800464
15,1.0603392296369134,2.0856832107777996,1.0603392296369134,2.0856832107777996,0.202581385546865,0.19993187722259353,0.6830131445904954,0.3797095348347716,0.33324775203715923,0.32153772174139017,0.7302233334843279,0.7410775559170827,0.38664596273291924,0.17806777520521996
16,1.0568611735159756,2.0339694554066563,1.0568611735159756,2.0339694554066563,0.20288859174962026,0.19018798519648852,0.6834825942510472,0.4319090717743633,0.3329823793366898,0.3117062781743942,0.726922741338178,0.7443429163520499,0.39682940921565796,0.20185224163334034
17,1.1608299262327695,1.9426643014882545,1.1608299262327695,1.9426643014882545,0.19798352449129344,0.19044843265111258,0.6521739130434783,0.3931803830772469,0.32900101128951087,0.31457067773897157,0.7264716575708104,0.7302100501595434,0.3958905098945544,0.2302673121448116
18,1.246260664598387,1.8860180994707065,1.246260664598387,1.8860180994707065,0.19505762661724235,0.19460548454837984,0.6314820164668496,0.425594611660703,0.3262327646100244,0.3189999670467736,0.7235234533364625,0.7404467645280614,0.40412393471038566,0.23237213218269837
19,1.149633448058154,1.9109367823957066,1.149633448058154,1.9109367823957066,0.2004064421131658,0.19529247132406952,0.6614545717174636,0.46327089033887603,0.33115981067000105,0.31653879759149084,0.7257393591840987,0.7452315892753689,0.39780442004911165,0.22205851399705326
20,1.0896812348150198,1.9151127443291518,1.0896812348150198,1.9151127443291518,0.2065137965553812,0.198764166277403,0.6795103278925322,0.4624289623237213,0.3355921382558289,0.3209037838205366,0.7264940217535534,0.7474919963801341,0.3953488372093023,0.21237634182277415
21,1.0527382606149978,1.9453162351574955,1.0527382606149978,1.9453162351574955,0.20969983730015856,0.19938635464500493,0.689729885887621,0.46263944432751,0.3395634120286897,0.32126932097996846,0.728896558723852,0.7459668139487009,0.3917376859742886,0.2172174279099137
22,1.0263848311808452,1.9516269757707,1.0263848311808452,1.9516269757707,0.20841154801923897,0.1971523487074777,0.6968799653329482,0.45001052410018944,0.3376857518426569,0.31833952810231875,0.7335630172631411,0.7509402940459463,0.3811570128556984,0.19469585350452537
23,1.0340755546556186,1.991246151387177,1.0340755546556186,1.991246151387177,0.20789019576855414,0.19686833344685345,0.6922215802397804,0.45169438013049884,0.33686103633799064,0.31756305223802495,0.7346264355516358,0.7468457576526488,0.37779864220713566,0.22795201010313618
24,1.0005247431753275,1.9467141227806475,1.0005247431753275,1.9467141227806475,0.20833001331745432,0.19361876686252819,0.7039217102412249,0.4430646179751631,0.33786064955896505,0.31531712750313634,0.737773456928893,0.7518741929187345,0.36797631084789834,0.19743211955377815
25,0.9967862708744555,1.9733482307696237,0.9967862708744555,1.9733482307696237,0.20366579610179067,0.19003669024564496,0.7003466705185614,0.4712692064828457,0.33470296474459127,0.3107137483556605,0.7437524328458418,0.7582626543253804,0.3573956377293081,0.17933066722795202
26,0.976463841062637,1.9911560382473672,0.976463841062637,1.9911560382473672,0.20479710211553068,0.1902554397890942,0.7091939910443449,0.4588507682593138,0.3357037335879607,0.31267495897632475,0.7405478063732425,0.7598622068057084,0.3682290914343493,0.17912018522416334
27,0.972062608582013,1.9457225188082883,0.972062608582013,1.9457225188082883,0.20773149008491248,0.1974844662231493,0.7109995666618518,0.45274679014944225,0.33805867386022675,0.3197050207186513,0.7420105783990675,0.750750476336434,0.36848187202080024,0.20711429172805726
28,0.9659317127976066,1.9653587888301334,0.9659317127976066,1.9653587888301334,0.2058179382599108,0.1920255879612596,0.7107467860754009,0.4763207745737739,0.3371584427532357,0.31504683274171197,0.7407386255767087,0.7447799703016504,0.3724180268669652,0.2410018943380341
29,0.9733860132133928,1.9378200425672119,0.9733860132133928,1.9378200425672119,0.20225019307214367,0.19285128360829418,0.7069911887909865,0.44832666806988003,0.33389726773207884,0.3162958465972917,0.7395751598458853,0.74537960004114,0.37375415282392027,0.253420332561566
30,0.9428547417068868,1.9879339216784713,0.9428547417068868,1.9879339216784713,0.2032953844165313,0.18805721190910363,0.7178246424960277,0.4098084613765523,0.33450826306865167,0.31205152349957815,0.7394706315858575,0.7490223787930408,0.37566806297847755,0.23447695222058515
31,0.9637143576823612,1.9942816471556717,0.9637143576823612,1.9942816471556717,0.20330384838586252,0.19285604315652105,0.7054022822475805,0.4495895600926121,0.33451923928163685,0.3156675872044221,0.7433739048060906,0.7489671547070124,0.3664957388415427,0.24394864239107555
32,0.9426373950615106,1.9859848469088037,0.9426373950615106,1.9859848469088037,0.20505782463131106,0.19392597858745614,0.7126606962299581,0.46495474636918543,0.33608719269164844,0.316568567108428,0.7447527693424476,0.7508683716264731,0.36209013433482595,0.23994948431909072
33,0.9289975201706485,2.1065272185406516,0.9289975201706485,2.1065272185406516,0.20484046449245236,0.1954435222519323,0.7185107612306804,0.4157019574826352,0.3359910400637343,0.31976033059064274,0.7459504158962122,0.7497191278464266,0.36306514516827965,0.22921490212586823
34,0.9606409098877136,1.986642836370209,0.9606409098877136,1.986642836370209,0.20138631307775706,0.20264411518019743,0.7103856709518994,0.43506630183119344,0.33212711878909756,0.32684738270685915,0.7435254833695862,0.7437111051979378,0.36566517405748955,0.246263944432751
35,0.9255668409088005,2.017266061024474,0.9255668409088005,2.017266061024474,0.20210117777957748,0.18731416026265577,0.7154412826809187,0.47190065249421176,0.3349598314390867,0.31029623718016824,0.7515647501231238,0.7595138068676898,0.3458399537772642,0.19595874552725742
36,0.9142008216915216,2.0052268971294835,0.9142008216915216,2.0052268971294835,0.19970087744709936,0.18814842774405513,0.7213635707063412,0.4605346242896232,0.3330080469753569,0.31185766042589863,0.7494947827225663,0.7599986518490719,0.3537122634695941,0.18143548726583877
37,0.9121500031548258,1.9938156676528278,0.9121500031548258,1.9938156676528278,0.2021826419370739,0.19055250501783552,0.7213996822186913,0.4784255946116607,0.33412227861526195,0.3122309261019093,0.7477573561441101,0.7548963529916594,0.3600317781308681,0.22458429804251737
38,0.8994452595693535,2.1734639416742616,0.8994452595693535,2.1734639416742616,0.20611905708648592,0.1969472456188691,0.726599739997111,0.45337823616080825,0.33658788651421667,0.32030048117220367,0.7466044316191248,0.7429949783621475,0.3637512639029323,0.2736266049252789
39,0.9066687581874242,2.0302665803939814,0.9066687581874242,2.0302665803939814,0.20453130259139163,0.18421273627613463,0.7208580095334393,0.4289623237213218,0.33612301716239024,0.3101321639333542,0.7474251856491191,0.760549319452849,0.3637512639029323,0.20269416964849504
40,0.9144358551262879,2.08250669350601,0.9144358551262879,2.08250669350601,0.20499146510699606,0.196308625535422,0.7224469160768453,0.46579667438434014,0.33690252033777013,0.3185301100726605,0.745561235448313,0.7433676834709643,0.36396793297703306,0.2784676910124184
41,0.9103712900067519,2.3828761952722783,0.9103712900067519,2.3828761952722783,0.2065964638541135,0.1936930316464885,0.732088689874332,0.3788676068196169,0.3381930184936,0.3186365248146521,0.7501661424500464,0.7580975260992497,0.3560956232847032,0.20185224163334034
42,1.0182097068019604,2.0028456575467546,1.0182097068019604,2.0028456575467546,0.20990476888692847,0.21651777222092353,0.6941354903943378,0.46390233635024203,0.34002377604467066,0.33690678963088355,0.7448264984541781,0.7468937612463112,0.361837353748375,0.2841507051147127
43,0.9237010599508565,2.013527951148203,0.9237010599508565,2.013527951148203,0.2146533416708167,0.20268627290342062,0.7122273580817564,0.45695643022521576,0.3433596856776955,0.32374863386925734,0.7469891226913273,0.7563962015170244,0.3602123356926188,0.24079141233424542
44,0.934797060054006,1.992667205006016,0.934797060054006,1.992667205006016,0.21652982315196823,0.20554079660168417,0.7080745341614907,0.46916438644495895,0.34516570907477334,0.32754497143958045,0.7471040240967186,0.7528587579601715,0.35721508016755743,0.27067985687223745
45,0.8753339683718545,2.2363038645170032,0.8753339683718545,2.2363038645170032,0.2142460849972865,0.21399582840049047,0.7306442293803265,0.45169438013049884,0.34465694683197,0.33295290588774296,0.7468102517266434,0.7452032084190024,0.36812075689729884,0.2835192591033467
46,0.9168057490183786,2.0518127469056986,0.9168057490183786,2.0518127469056986,0.21468311221281366,0.20010416186409757,0.7218691318792431,0.45358871816459695,0.34475888103294045,0.3230184848933716,0.7482349789505937,0.7578170458484113,0.3617651307236747,0.22584719006524942
47,0.8963734472175046,2.087546408816253,0.8963734472175046,2.087546408816253,0.21519376803956314,0.1992260104966989,0.7267441860465116,0.4289623237213218,0.3453492609498543,0.3243984218237526,0.7506466716954117,0.7534847371052802,0.3548678318647985,0.2374237002736266
48,0.9521760977917663,2.1019435828922926,0.9521760977917663,2.1019435828922926,0.21028161974427123,0.2005077041956098,0.7096995522172469,0.4308566617554199,0.3408954490062802,0.3214491340150409,0.7442620053433208,0.7274083844788876,0.3713707930088112,0.3590822984634814
49,0.9077593689362266,2.0914578533152532,0.9077593689362266,2.0914578533152532,0.2108664970323562,0.19053856796388802,0.7293803264480716,0.47589981056619657,0.3406373838477443,0.31459426479204355,0.7386219552808908,0.7356315549738255,0.38274591939910446,0.32750999789518
50,0.8999773791789251,2.078921678015569,0.8999773791789251,2.078921678015569,0.20910220217510195,0.1993202147972042,0.7288386537628195,0.4338034098084614,0.33908778516419374,0.32416844840640396,0.7330933005655155,0.7414189379131435,0.39159323992488804,0.3245632498421385
51,0.8573210944541183,2.0830194320309365,0.8573210944541183,2.0830194320309365,0.20977924600034784,0.2026432497402168,0.7396721074678607,0.46748053041464954,0.3407381807648858,0.3263908493515066,0.7452186865302398,0.7536408250092507,0.3669290769897443,0.2685750368343507
52,0.8562868160266813,2.02581061164697,0.8562868160266813,2.02581061164697,0.21385131109730282,0.1962541511540688,0.7371443016033511,0.41380761944853717,0.34326001665555345,0.31984998467055853,0.7489552575092379,0.7566426137802953,0.36133179257547304,0.2551041885918754
53,0.8630976826232344,2.0975137347548767,0.8630976826232344,2.0975137347548767,0.21572419193013803,0.19808123608487727,0.7331359237324859,0.45758787623658176,0.3450551939014064,0.32123310148239237,0.7495814968133513,0.7546751527403862,0.36580962010689005,0.2609976846979583
54,0.8372246988389975,2.0856959321478294,0.8372246988389975,2.0856959321478294,0.21411765875730937,0.19389094528139353,0.741044344937166,0.46769101241843825,0.3442928312478444,0.31627542933108455,0.747230747996874,0.7469643881711877,0.369998555539506,0.2717322668911808
55,0.8820490249229893,2.049766248588787,0.8820490249229893,2.049766248588787,0.20938247519517142,0.20128117809066257,0.7251913910154557,0.4588507682593138,0.3412960517032805,0.32206208632415634,0.7419443244140617,0.7435745770267325,0.3789180990899899,0.3041464954746369
56,0.8753126523027388,2.075203446307149,0.8753126523027388,2.075203446307149,0.2148633379799669,0.20345668962734595,0.7291275458616207,0.44180172595243106,0.34464714504917215,0.3274631111264555,0.7445188099277616,0.7434976389096476,0.37509027878087536,0.31719637970953485
57,0.8315554238994669,2.0775905638788905,0.8315554238994669,2.0775905638788905,0.2166111722650959,0.21022752203518524,0.7440777119745775,0.4462218480319933,0.34676556464617747,0.33244340317929527,0.7494754231373871,0.7439003810459025,0.36382348692763256,0.30709324352767836
58,0.8206941957988957,2.1256535832090546,0.8206941957988957,2.1256535832090546,0.2210489641075945,0.20775617237752286,0.7458832875920843,0.45695643022521576,0.3501835743975092,0.33100155509664897,0.7515862317645238,0.7456715840887858,0.36024844720496896,0.2965691433382446
59,0.9913776523888188,2.263462586945871,0.9913776523888188,2.263462586945871,0.21547209964689795,0.20868223804688044,0.6727213635707063,0.3816038728688697,0.3442694157271583,0.32821751075891464,0.7484169480481383,0.7393362871146759,0.36479849776108625,0.3174068617133235
60,0.9978519091798308,2.168014275151989,0.9978519091798308,2.168014275151989,0.20926471700493388,0.20014223832734301,0.6753575039722663,0.43506630183119344,0.34063500955444737,0.3212405881601192,0.7458990783545386,0.7549711057347415,0.35938177090856566,0.2277415280993475
