epoch,learning_rate,train_step_loss,train_progress_loss,train_mistake_loss,train_idle_loss,train_loss,train_step_acc,train_step_macro_f1,train_step_balanced_acc,train_idle_acc,train_idle_f1,train_mistake_acc,train_mistake_f1,train_progress_mae_percent,train_end_to_end_macro_f1,train_end_to_end_acc,train_windows,train_task_windows,train_progress_loss_lanes,train_progress_metric_lanes,val_step_loss,val_progress_loss,val_mistake_loss,val_idle_loss,val_loss,val_step_acc,val_step_macro_f1,val_step_balanced_acc,val_idle_acc,val_idle_f1,val_mistake_acc,val_mistake_f1,val_progress_mae_percent,val_end_to_end_macro_f1,val_end_to_end_acc,val_windows,val_task_windows,val_progress_loss_lanes,val_progress_metric_lanes
1,0.001,0.3436187286225123,0.10976059993768111,0.9899781199000457,0.2630979094846071,0.7261599264707518,0.6008716870953636,0.37358930145937086,0.3702200610159421,0.8842051711754848,0.5637950082294321,0.7288664112999761,0.3349921463278578,26.476716738888197,0.36472279466641744,0.5699545128082356,167080,141794,158284,157736,0.3924521104727522,0.10744989442751611,0.9737149226318885,0.3134963638481222,0.779500828360198,0.4798647633358377,0.3117465465962486,0.3424179288246413,0.8522748317797395,0.4965285083105407,0.768072103216248,0.12362957779332867,26.292503606060972,0.2959144523837431,0.4507685659608618,16199,13310,14637,14516
2,0.0009829629131445341,0.27424525034992725,0.09343554949512317,0.6812570698957053,0.21541324645416401,0.5497356854580087,0.6842814223450921,0.5030702254055709,0.5017690254141808,0.9086365812784295,0.677797243388142,0.8379279387119942,0.4974854788724553,24.164062831224918,0.49342248128527766,0.6597079243476179,167080,141794,158284,157736,0.39616919005385914,0.10807003259257703,1.3814572865848622,0.32880159128712344,0.9087877040645156,0.48069120961682943,0.32458217951369,0.3535680192140895,0.8488795604666954,0.4965034965034965,0.7350453731711835,0.08486140724946695,26.03060796458585,0.30673582732702664,0.4513241558120872,16199,13310,14637,14516
3,0.0009330127018922195,0.247430121201575,0.08856187225152931,0.4427571348177065,0.19814765073335824,0.4464553534690174,0.7222519993793813,0.559107679645973,0.5558889783726352,0.9161299976059373,0.7096292919455438,0.8991620780464448,0.6342480027787426,23.317759270514944,0.5474977949223354,0.696965525496768,167080,141794,158284,157736,0.3963800634202475,0.1037106612580041,1.8677241735689742,0.32095818703862955,1.0520021512760669,0.5107438016528926,0.3668523903991115,0.38666527629087794,0.8496820791406877,0.5521427257678867,0.8113463794061362,0.08557749850388989,25.445024492195994,0.3497298987227613,0.4824989196864004,16199,13310,14637,14516
4,0.0008535533905932737,0.228439196671685,0.08496397285709276,0.2767820290052808,0.18556432701880948,0.374075862634159,0.7531700918233494,0.6051331180994984,0.6005227050882078,0.9223425903758679,0.7330191979258832,0.9381374192003831,0.7481481481481481,22.694968705656876,0.5928044782455573,0.7274060330380656,167080,141794,158284,157736,0.4095364675745419,0.10518366477524818,2.378322449675886,0.3322486133882753,1.2210380245875372,0.5117956423741548,0.3709983983969934,0.39488001192572425,0.8522748317797395,0.5595435302779311,0.8102351997036854,0.08674985145573381,25.415538966277968,0.35740957503274196,0.4886104080498796,16199,13310,14637,14516
5,0.00075,0.2133238681536529,0.08253085721448052,0.18540888090709592,0.17303160678863755,0.32831211094785334,0.7752443685910546,0.6369218085731234,0.631984043733435,0.9283995690687096,0.7554328937953593,0.9608870002394063,0.8276953094101828,22.275140669172092,0.626195297930783,0.7505685898970553,167080,141794,158284,157736,0.4103610537552055,0.10836704598332907,2.588493798798533,0.33257722658495514,1.285934752506755,0.5112697220135237,0.3706837311527978,0.3937080648554931,0.8484474350268535,0.5586913535861945,0.8435705907772084,0.06563421828908554,25.350185963495864,0.35517769414564226,0.48614111982221125,16199,13310,14637,14516
6,0.0006294095225512604,0.20115433298131624,0.08034023171806794,0.13003119252566833,0.1626729412115388,0.29680034849674486,0.7952311099200248,0.6646276014818788,0.6596976762603489,0.9326310749341633,0.771219512195122,0.9738089537945894,0.8790893015030946,21.914930341693204,0.6543620788043328,0.7706847019391908,167080,141794,158284,157736,0.44414408019173474,0.11059682188029904,2.9259948459876393,0.34580347188660165,1.4242822749294366,0.5101427498121713,0.36697036099070723,0.3863032261710611,0.8447435026853509,0.5462745805520476,0.8709796901043274,0.07929515418502203,25.802140197795953,0.35275611011801433,0.4806469535156491,16199,13310,14637,14516
7,0.0005,0.190378184952261,0.07845836372779666,0.0839952710173134,0.15208302820759126,0.26953088101731226,0.8114588769623539,0.6871160845417471,0.6827503712599282,0.9373832894421834,0.7887915371260145,0.9826909265022744,0.9173005433228482,21.609451945270482,0.6782881903456989,0.7882032559253053,167080,141794,158284,157736,0.43448380694134575,0.11313266968948232,3.308168743322003,0.3795105465562765,1.5367763401560466,0.5491359879789632,0.3963781458667267,0.4084825474717335,0.83603926168282,0.5262219051016768,0.8737576393604544,0.0683371298405467,26.003571902138695,0.37297596637995156,0.5058336934378665,16199,13310,14637,14516
8,0.0003705904774487397,0.1811774247024286,0.07684113103554645,0.05720185864460805,0.1440558575334548,0.2502014931131659,0.8288926188696277,0.7123154427291285,0.7085244500402511,0.9411599233899928,0.8023720976982611,0.9886042614316495,0.9442198394562606,21.312927327932616,0.7033852480068697,0.8059013646157529,167080,141794,158284,157736,0.464043760366466,0.11504130712359413,3.7308517349382004,0.3850243150584454,1.6948165359966934,0.534785875281743,0.38296399654774055,0.39561887699040243,0.8377060312364961,0.5412667946257198,0.8868448669670967,0.06240409207161125,25.665189307331875,0.36784969795630906,0.49799370331501946,16199,13310,14637,14516
9,0.0002500000000000001,0.17438963245897451,0.07520889227311316,0.037801540712898415,0.13758170983281637,0.23580910432134125,0.8403035389367675,0.7283501300791667,0.7248049817664687,0.9443919080679913,0.8133175269746228,0.9923090734977257,0.9617889321716375,21.034140085517414,0.7199739773547227,0.8179494852765142,167080,141794,158284,157736,0.4797377672097706,0.11481467177667008,4.044378200102869,0.4032969206555021,1.808155012904733,0.5324567993989482,0.3804810497620685,0.3916552897481285,0.8386320143218717,0.5274765003615329,0.8893758874004568,0.06374085684430512,25.85507546222778,0.36453804245578747,0.4942280387678252,16199,13310,14637,14516
10,0.00014644660940672628,0.16923822476114986,0.0744935744744359,0.026127007379521443,0.13205336737724077,0.22583507279278522,0.85045911674683,0.7439045588853729,0.7409031972165198,0.9466542973425903,0.8212215424731723,0.9947210916926024,0.9734896302975654,20.91287019051203,0.7362255323254518,0.8286270050275317,167080,141794,158284,157736,0.4915285807210315,0.11680744984115604,4.228333791827008,0.40231865257736754,1.8755346837369538,0.5287002253944403,0.3755310813459592,0.3857218061665134,0.8417186246064572,0.5339876408578699,0.8883881721093895,0.06321243523316063,25.851958190222096,0.3624119082017918,0.4936724489165998,16199,13310,14637,14516
11,6.698729810778065e-05,0.16566738484292218,0.07373468154823257,0.01791343741553243,0.12763450133164078,0.21868872079837987,0.8552407012990677,0.7502373198728435,0.7474817961320867,0.9483301412497007,0.8268864424792958,0.9964627723246349,0.9821077169931277,20.796720801547554,0.7427520844513333,0.8338221211395739,167080,141794,158284,157736,0.4983357725169042,0.11636141340579216,4.457738841641392,0.4128340020342531,1.9531326494379102,0.5291510142749812,0.3783091893581269,0.3895573386698293,0.8388172109389469,0.528785417794622,0.8929563553305759,0.06974248927038626,25.905220887653755,0.3634143896776474,0.4918822149515402,16199,13310,14637,14516
12,1.70370868554659e-05,0.16392300616604646,0.07307021027141264,0.014581900607167547,0.12498175163702271,0.21521498975702508,0.8592465125463701,0.7558922241895968,0.7533156432422922,0.9488807756763227,0.828696925329429,0.9968877184582237,0.9842299993934616,20.69268040164414,0.7485609452382135,0.8377663394780943,167080,141794,158284,157736,0.5022536960400374,0.11764659160564749,4.515790682120215,0.41118780455697324,1.974522439069191,0.5299023290758827,0.3770374564946423,0.3876399960858002,0.8392493363787888,0.5333333333333333,0.8973393419346873,0.06834733893557422,25.992780968189635,0.36345490705309164,0.49398110994505834,16199,13310,14637,14516
