epoch,train_step_loss,train_progress_loss,train_mistake_loss,train_idle_loss,train_loss,train_step_acc,train_step_macro_f1,train_step_balanced_acc,train_idle_acc,train_idle_f1,train_mistake_acc,train_mistake_f1,train_progress_mae_percent,train_windows,train_task_windows,train_progress_loss_lanes,train_progress_metric_lanes,val_step_loss,val_progress_loss,val_mistake_loss,val_idle_loss,val_loss,val_step_acc,val_step_macro_f1,val_step_balanced_acc,val_idle_acc,val_idle_f1,val_mistake_acc,val_mistake_f1,val_progress_mae_percent,val_windows,val_task_windows,val_progress_loss_lanes,val_progress_metric_lanes
1,0.5208149570052467,0.12662757916027498,1.250096880816789,0.37088749516658304,1.0080097940316826,0.3247402105842681,0.16970886423829515,0.21182330980233832,0.8131229235880398,0.14429807639309927,0.5745221243198998,0.2427644122624735,29.40731440226851,83076,72655,86099,85912,0.40705270085311024,0.13085988760658465,0.7715984769915645,0.3863630391778105,0.755062818068117,0.45131375579598143,0.15125326157726798,0.20201918747718015,0.8170911387076405,0.0,0.7844664281203957,0.08407871198568873,29.55156975251194,14253,11646,12636,12504
2,0.4562644934130769,0.1153514949292417,1.1958287459562245,0.28529362869604785,0.9066772914179263,0.41801672508486737,0.22962176020524436,0.30778970139974243,0.8717680196446628,0.003181435388790119,0.660455486542443,0.2959968054307677,28.532355109813054,83076,72466,85981,85803,0.398542946897824,0.12598164080202226,0.7153604940214567,0.3773682132098814,0.7264192299868439,0.4884080370942813,0.18618595837304253,0.2300194004013734,0.8170911387076405,0.0,0.744685329404336,0.11524434719183078,29.30412858716252,14253,11646,12636,12504
3,0.4471769289636573,0.1126931236288481,1.1414397116647341,0.28080498060130193,0.8795777756719924,0.42759875403148,0.2332755397201968,0.32141591861365065,0.8727671048196832,0.007138831486004133,0.6794982907217487,0.32390432177136763,28.317231547966838,83076,72554,86164,85981,0.4024121271725881,0.13363017631028687,0.7379400930571605,0.39181215428707183,0.7422456388402366,0.45826893353941267,0.18749708495742898,0.24287230966738926,0.8170911387076405,0.0,0.7215323089875816,0.10547667342799188,30.115362002930805,14253,11646,12636,12504
4,0.4419105732378959,0.11242866037361149,1.1043204833273195,0.27410115682084063,0.8617555477123433,0.43340991319420563,0.236335291407602,0.3274067443302827,0.8747773123405075,0.015892536183899346,0.6866242958255092,0.3364767050667754,28.329274998073593,83076,72691,86140,85944,0.4010880950602834,0.13031636268699712,0.6924472799771528,0.4100630528749704,0.7299297984345224,0.4649665121071613,0.1871374221250662,0.24335655667077066,0.8170911387076405,0.0,0.7501578615028415,0.12269031781226904,30.137373369499343,14253,11646,12636,12504
5,0.43531476724526047,0.11174895798822246,1.0635233782936724,0.26820912476413955,0.8415382930826568,0.44695399063611274,0.2519750242394205,0.34139207713941266,0.8769560402522991,0.01881359186024189,0.6977827531417016,0.35538781483478393,28.236158618112352,83076,72833,86515,86324,0.4000819974770958,0.1305007119988094,0.7189503693040326,0.3907602854312984,0.7330693789542081,0.4685729005667182,0.19424079621650847,0.2530757243036811,0.8170911387076405,0.0,0.732266891180804,0.10674157303370786,29.625774083047705,14253,11646,12636,12504
6,0.429006878780041,0.11087587117534653,1.0272967290554573,0.2635340276976246,0.823165464388807,0.45480532688316866,0.26556729831355413,0.35041078451417734,0.8765347392748808,0.023049814268025527,0.7187274303047811,0.3709586238458018,28.066807978311154,83076,72763,86255,86067,0.4099612992309415,0.1254308764180378,0.7605950010790538,0.3669756946919684,0.7491642014184626,0.41937145801133435,0.17818780825154912,0.241489734468427,0.8170911387076405,0.0,0.7573142496316565,0.09284028324154209,28.730487288824943,14253,11646,12636,12504
7,0.4268888315434598,0.10993942001629037,0.9973894647367482,0.2637123028626709,0.8118299575419055,0.45741737442702385,0.27164923814349334,0.35138886808560665,0.8758365833694448,0.05704360544839565,0.7253478742356396,0.38066284845688225,27.831801000268854,83076,72647,86399,86212,0.41330997447841905,0.13398774925036513,0.7404209749327119,0.3859033340622582,0.7528132585457937,0.40030911901081917,0.1736912466932164,0.24094488146604434,0.8170911387076405,0.0,0.80446221848032,0.08292201382033564,29.350935911815746,14253,11646,12636,12504
8,0.4209025688718731,0.10939702789993619,0.9492899820992745,0.2617272641629051,0.7908541247042173,0.4636585265071691,0.27866462090283156,0.35705820076735273,0.875174538976359,0.03839020771513353,0.7489046174587125,0.405189620758483,27.758477412270434,83076,72603,86255,86063,0.40632311765193135,0.13034733495469836,0.7316551174455413,0.3828929816849364,0.7415024497089905,0.40082431736218443,0.1713402147278861,0.23758104300575653,0.8170911387076405,0.0,0.8023573984424331,0.10315186246418338,29.278590708496722,14253,11646,12636,12504
9,0.42233024123941126,0.10980910688821671,0.9292211688484935,0.2609585757845373,0.7862310391173318,0.45559771252611897,0.2734879071602453,0.35354869930474303,0.8760893639558958,0.027399848828420257,0.7421036159661033,0.4067561954866399,27.826387157855095,83076,72744,86320,86148,0.4119635154086398,0.1291824006790961,0.7737187007130434,0.3916001051407165,0.7611538668544249,0.4188562596599691,0.17818731244448655,0.237442308664192,0.8170911387076405,0.0,0.7606819616922753,0.1026045777426993,29.07167255660365,14253,11646,12636,12504
10,0.41799679937644607,0.10920469051833157,0.865772095108659,0.2606496223390197,0.7626197595323472,0.46516717827301884,0.27841676372994323,0.3592988354179868,0.8752467620010592,0.027584912741602553,0.7764938128942174,0.4446371956690794,27.738903681903007,83076,72647,86338,86155,0.4050391231144904,0.13357571244963432,0.7520549478743659,0.37712320739124094,0.7461529626899387,0.419629057187017,0.18487907879459642,0.2486838113484247,0.8170911387076405,0.0,0.8099347505788255,0.10149253731343283,29.402016048508525,14253,11646,12636,12504
11,0.4218753459589156,0.11026631197391962,0.8671023501386835,0.25885324991083986,0.7668565945748645,0.4533770473737137,0.26802689757960624,0.34897585890770977,0.8758365833694448,0.05184300027576064,0.773340074148972,0.44372230428360415,27.83813114852169,83076,72593,86165,85995,0.4125796588014772,0.13723530316763036,0.8122856409802467,0.3801936846920911,0.7734746789842585,0.4013395157135497,0.1811877239377047,0.24068578039277425,0.8170911387076405,0.0,0.7838349821090297,0.08873114463176575,29.60970852281529,14253,11646,12636,12504
12,0.4212795694496895,0.1098091988346895,0.8706582064985959,0.25963546737983323,0.7673468845256418,0.45953160690205574,0.26890739515901646,0.3532486805790197,0.876414367567047,0.056255170511995585,0.7690066926669555,0.4423132810229584,27.792819771572958,83076,72674,86224,86035,0.40828502894342805,0.1299499845914304,0.866067473318655,0.38226889108663054,0.7835440445337798,0.4234930448222566,0.1849705334538742,0.25002555558347306,0.8170911387076405,0.0,0.7657335297832035,0.062342038753159225,28.912819865542826,14253,11646,12636,12504
13,0.4189706142627485,0.1094809164751139,0.8249198160163358,0.25643976992925743,0.750578787996035,0.4623085821306599,0.271136967242215,0.3549293256304012,0.8757162116616111,0.05179538984296079,0.7983533150368337,0.47754491017964074,27.776521195661903,83076,72616,86207,86006,0.41297908246387544,0.13232899397241552,0.8337527157958746,0.37234970663151373,0.7772735367206653,0.37429160226687275,0.16942771531379539,0.2320821131405039,0.8181435487265839,0.011441647597254004,0.7781519680067355,0.07543859649122807,29.34307783040065,14253,11646,12636,12504
14,0.4180359361237041,0.11001007802556446,0.8213432224560578,0.2566308519037132,0.7487680966489334,0.460515995872033,0.2679191014738354,0.35140172620380633,0.8766912224950648,0.06703096539162114,0.7974746015696471,0.48381653627857035,27.79747395538334,83076,72675,86206,86027,0.4201563994570681,0.13587248111308067,0.8148260271892978,0.38382283613187157,0.7821305191741559,0.37300360638845953,0.1809274027645564,0.24534553293088274,0.8170911387076405,0.0,0.7983582403704483,0.08587786259541985,29.413218733003113,14253,11646,12636,12504
15,0.4166595315998087,0.10927656884003074,0.7798538166265333,0.2563036378424435,0.7346593748082666,0.4671013715213294,0.2764416711997438,0.36002463394257234,0.8763902932254802,0.05013412265285357,0.8120275410467523,0.49560723514211885,27.735699470037236,83076,72693,86395,86205,0.4152039743273549,0.13420281341522294,0.8282852651344754,0.3828354014318583,0.7805174781786359,0.37970118495620814,0.17202673743106972,0.2378956577142163,0.8170911387076405,0.0,0.7933066722795201,0.09576427255985268,29.55374819043635,14253,11646,12636,12504
16,0.4182261607529736,0.10888689948674415,0.776303241786583,0.2575800354955767,0.7352992102340871,0.4612675571941506,0.2695407708309693,0.3543366090186871,0.8763662188839135,0.050651631389222664,0.8091747315710915,0.4918421643106709,27.687158123911782,83076,72691,86314,86133,0.40789867095538945,0.13442900664704177,0.8276288079803955,0.3884109098903089,0.7741981973216824,0.4353426069036579,0.1937179457865643,0.24735187016518756,0.8173016207114292,0.0022988505747126436,0.8229846348137234,0.06866002214839424,29.46149683482969,14253,11646,12636,12504
17,0.4179650818663343,0.10922959595763292,0.782276651150881,0.2559110248626653,0.7365991609714215,0.4588679037497935,0.268188486825312,0.3541516509709958,0.8754754682459435,0.043104245675700675,0.8087413934228899,0.4902960895646874,27.743757382147564,83076,72644,86320,86111,0.41374682482586306,0.13229555489383957,0.9285784530562702,0.3896239652204102,0.8099338202549781,0.38871715610510044,0.1738632391964208,0.2344322168873249,0.8170911387076405,0.0,0.7335297832035361,0.07048458149779736,29.644508833472003,14253,11646,12636,12504
18,0.4143860020284057,0.10888627113474669,0.7325762233585356,0.25753932517737393,0.7183326154118652,0.4633171094902588,0.27176453747480406,0.35802362148767874,0.8746930521450238,0.05603917301414581,0.8313953488372093,0.5237172294195654,27.651237288724168,83076,72527,86095,85916,0.41451558279613104,0.13163912714218431,0.9901258672428727,0.37550819955574355,0.8261467210227967,0.4041731066460587,0.18061709416916974,0.23591064132823275,0.8170911387076405,0.0,0.7592085876657546,0.05140961857379768,29.247836150248045,14253,11646,12636,12504
19,0.4166036110022122,0.10952054791838459,0.7586881643404849,0.2601623249588328,0.7290986896716396,0.46213717954016337,0.27188005312632774,0.35471915680029387,0.8755115797582936,0.06339431262452454,0.8178776060474746,0.503315606329197,27.723599364484972,83076,72591,86075,85889,0.42874812497190534,0.13782797973367453,1.1260529599473794,0.38698554294933846,0.8853095154660893,0.336424523441525,0.15935820751304558,0.2252733433725396,0.8170911387076405,0.0,0.6596505998737108,0.05161290322580645,29.773859613141855,14253,11646,12636,12504
20,0.41445434511043633,0.10875530675883333,0.7232787495165901,0.25725117415753673,0.7155147968245708,0.4671194005179349,0.2790807472552301,0.3605861851097811,0.8762338100052963,0.06781504986400726,0.8276156772112283,0.5222351959966639,27.598555739447285,83076,72596,86131,85933,0.4144733511938644,0.1346636514773683,1.0085128118454394,0.37505548516215087,0.8324373872231369,0.39618753219989694,0.16232671628656853,0.21994436778293114,0.8170911387076405,0.0,0.7665754577983582,0.04478897502153316,29.4073271545774,14253,11646,12636,12504
21,0.4147369905210688,0.10837274408678768,0.7110155313680453,0.25697103416381895,0.7119476799902824,0.46374813916303687,0.2753236449691204,0.35497518258791505,0.8751865761471423,0.06374717832957111,0.8380398671096345,0.53589044875996,27.53289403099562,83076,72548,86091,85929,0.40777756711800695,0.13174605352792862,0.8941915766244218,0.3737753629433534,0.7903139287523827,0.41370427614631633,0.19705110671940496,0.24910824133470882,0.8189854767417386,0.022727272727272728,0.7941486002946748,0.05961538461538462,29.30809977456632,14253,11646,12636,12504
22,0.41419513253881185,0.10971939000294478,0.7193106024233377,0.2571109246436217,0.7143263151954209,0.47042559630251174,0.28232506412015546,0.3619261576243468,0.8767273340074149,0.06415059855615463,0.8292647696085512,0.5219735777837692,27.827823327412684,83076,72698,86278,86090,0.4031642316791256,0.12668021957816902,1.0149704624558886,0.3789366068676431,0.8214467576628715,0.45466254507985576,0.20645295815876086,0.2586745598037241,0.8170911387076405,0.0,0.7270048410860871,0.04421518054532056,29.167788322736115,14253,11646,12636,12504
23,0.41000037576227116,0.10856840860565359,0.684066583128874,0.25850862100332256,0.699492597483294,0.4718602181677768,0.2836005071345321,0.36364283257032487,0.8748495353652077,0.06308011174191223,0.844311233087775,0.5431619101441085,27.629397576066996,83076,72513,86141,85958,0.4190128843658708,0.1310389039624658,1.0149512446772246,0.3773749376659785,0.8382849164909736,0.3856259659969088,0.17273886748114786,0.23297102944093298,0.8173016207114292,0.0022988505747126436,0.7994106503893917,0.05362462760675273,29.181341412200123,14253,11646,12636,12504
24,0.41015523172456875,0.1091721264886563,0.662695633687215,0.2548615029849845,0.692687860374327,0.46907678106443657,0.28353642840511456,0.3641009464153275,0.875174538976359,0.053832116788321165,0.8544946795705137,0.5637046127192666,27.700956491744243,83076,72583,86069,85895,0.41727167182154196,0.13017869350639263,1.036995132831091,0.3743405043597908,0.8422919205947451,0.38923235445646576,0.18017147247992935,0.23922724982085258,0.8177225847190065,0.006880733944954129,0.7674173858135129,0.057971014492753624,29.298175925356755,14253,11646,12636,12504
25,0.41977099750065955,0.10893144434576844,0.6742285824320233,0.25895871123295144,0.7065107477805874,0.45672466169566417,0.27735530137748027,0.35364649675833265,0.8744643459001397,0.08122632367192317,0.8419158361018826,0.5463401153753152,27.625669673481802,83076,72420,86183,85968,0.42091035044988667,0.13559723574670707,0.9738885414924051,0.38093883010334595,0.8299438496422896,0.3637300360638846,0.17234051585158947,0.23414902071392982,0.8170911387076405,0.0,0.7653125657756262,0.04782237403928266,29.69153108585016,14253,11646,12636,12504
26,0.41190158660470727,0.10813245762498483,0.6758130327899545,0.2534882517136815,0.6977828840719253,0.46704611069867197,0.282054084012969,0.36052146993255224,0.8771004863016997,0.05602810650887574,0.8459723626558814,0.5489283699943598,27.58855671123056,83076,72738,86312,86130,0.4252180506733437,0.13962102533066514,1.0514725919423216,0.37945075126427946,0.8584362861080956,0.38253477588871715,0.1781891880719229,0.23610691548894044,0.8185645127341612,0.01598173515981735,0.7651020837718375,0.03793103448275862,29.922650825954445,14253,11646,12636,12504
27,0.4116341144002921,0.10845094885150608,0.6715688453583215,0.256013884029056,0.6968428294690515,0.46510089315249753,0.28127368422782023,0.3618219315337977,0.8761615869805961,0.08404558404558404,0.8402306321922095,0.5528416938988646,27.569050516185122,83076,72552,86005,85822,0.4224635812231827,0.13569431265336426,1.378899234491909,0.3928467844575194,0.9554110022582686,0.37351880473982485,0.17421305227253342,0.23148766134212143,0.8187749947379499,0.020477815699658702,0.6577562618396127,0.0344418052256532,29.784699292735496,14253,11646,12636,12504
28,0.4102435348736338,0.10917374436831055,0.6305828002301711,0.2502167826053226,0.6822138547742428,0.4686634992770089,0.2880596677571205,0.36696979860902385,0.8776180846453849,0.10823611963862818,0.8587317636862631,0.576317689530686,27.77677789495047,83076,72615,86110,85931,0.42135462262630796,0.12783113825961892,1.2343629840080557,0.3897022317436581,0.9079533056553419,0.36218444100978875,0.17472381331753553,0.22906932693311693,0.8181435487265839,0.011441647597254004,0.7025889286466007,0.05862758161225849,29.436222325488497,14253,11646,12636,12504
29,0.41049558520345775,0.10910114963345693,0.6234103258713708,0.2538019782732664,0.6810094235095593,0.4722187762753449,0.29191059674369707,0.3665876207658327,0.8776180846453849,0.1270713488451962,0.8631373681929799,0.5860336415932426,27.755508847255935,83076,72549,86158,85968,0.43856406345882976,0.1508569818992401,1.0486001358077057,0.3881579878823193,0.8760327963473773,0.29984544049459044,0.14313490915220003,0.21044553314802314,0.8183540307303726,0.022650056625141562,0.738791833298253,0.07457121551081283,31.021579100809376,14253,11646,12636,12504
30,0.4070382425058869,0.10890034032763987,0.6132118592233454,0.2520814476801713,0.6740881919072168,0.47420293051401163,0.29524366467554497,0.3695265804586249,0.8784366122586548,0.14189820715438864,0.8657373970821898,0.5891410048622366,27.766751903084444,83076,72547,86323,86157,0.4295249401368836,0.14286485776054164,1.1336316534287385,0.3875656312937018,0.889987019752408,0.3611540443070582,0.15888082886859595,0.21936676873412742,0.820669332772048,0.04054054054054054,0.7834140181014523,0.03198494825964252,30.267374973174515,14253,11646,12636,12504
31,0.4066208550258355,0.10914155873505949,0.6318540536098599,0.2500781996581108,0.6789351786609336,0.4762390570069622,0.29567913581840743,0.3700173567939039,0.8785329096249218,0.15094657130837189,0.8547956088400982,0.5728248167428025,27.778663578326956,83076,72535,86419,86234,0.4237437637397752,0.1376029126759203,1.1093713451517446,0.3792513702607093,0.8736863151402166,0.37429160226687275,0.1717491220594172,0.23088823733790806,0.8202483687644706,0.04044943820224719,0.745316775415702,0.04874213836477988,29.748917416766552,14253,11646,12636,12504
32,0.40452658252772544,0.10835896234383878,0.5794265366001222,0.24575760674738356,0.6600137535603905,0.4824456289684999,0.30418454591663524,0.37495601844869203,0.8812894217343156,0.18657208841966347,0.8742356396552554,0.609478956417732,27.68249639128574,83076,72603,86179,85985,0.4184886769274699,0.13554191189054807,1.0744130922929536,0.3770399065190998,0.8568831594863403,0.38356517259144773,0.18993992703204343,0.24306475681530623,0.8198274047568933,0.038202247191011236,0.7579456956430225,0.06199021207177814,29.476971236091543,14253,11646,12636,12504
33,0.4067839559170673,0.10837552177112991,0.652366067501191,0.24704475621861666,0.6844153839424869,0.477472391286387,0.3010335112165908,0.3722232169107745,0.8814218306129328,0.18660721657996862,0.8557224709904184,0.5686627321145818,27.649550372565027,83076,72622,86388,86194,0.4028600739002947,0.13334502175629573,0.990534486264118,0.3757868453024948,0.8151812953669177,0.446676970633694,0.19977027334922828,0.23821252117056013,0.8185645127341612,0.02927927927927928,0.8223531888023574,0.053811659192825115,29.387794147583435,14253,11646,12636,12504
34,0.4076716998107995,0.10910291876086788,0.6423762827140193,0.25230548586743917,0.6835765574267534,0.4722708778704917,0.2966998334509041,0.3691346147755735,0.8779190139149694,0.13758503401360545,0.8564085897250711,0.5730035436875828,27.734238197304727,83076,72505,86093,85913,0.40730884022075553,0.1318358585382032,0.9897498923887631,0.37948992590582065,0.8196825506800096,0.4348274085522926,0.1886935804082718,0.24468086081340795,0.8179330667227952,0.011428571428571429,0.7604714796884866,0.06105610561056106,29.279454678096837,14253,11646,12636,12504
35,0.40409110504946427,0.10963442557875867,0.6352328990508391,0.2485654995443044,0.6772644023472044,0.47983281375010345,0.2995482649198497,0.36951796590532854,0.8798690355818768,0.1669449081803005,0.8613317925754731,0.5771856419290905,27.939594049833968,83076,72494,85925,85753,0.4071881436922337,0.12927348851914663,1.0113830356642062,0.3734928273756546,0.8240836664223704,0.44152498712004123,0.20347476003972836,0.2525462435286532,0.8223531888023574,0.07456140350877193,0.7804672700484109,0.05267938237965486,29.16389995576934,14253,11646,12636,12504
36,0.40739743321354843,0.10875161433612723,0.600738166372297,0.24229435467359575,0.6687032383607948,0.47609685003643565,0.30135543520667324,0.37250664648485604,0.8846116808705282,0.22780731432253906,0.8667244450864269,0.5942241442497984,27.750770936440507,83076,72731,86407,86228,0.4018111769286388,0.12766239894755968,1.053994743061059,0.37843570506908114,0.8319954605450406,0.4536321483771252,0.2176571434808241,0.2589069506113532,0.820037886760682,0.04040404040404041,0.7909913702378447,0.049760765550239235,29.071124169799145,14253,11646,12636,12504
37,0.40794528229630694,0.10941462630093964,0.5972791321314124,0.24564983508664828,0.6690833768433422,0.4749026782398173,0.29850282643680276,0.3712240802983791,0.8818672059319178,0.18284762697751875,0.866218883913525,0.5945867075217043,27.869201852895365,83076,72697,86346,86172,0.4050735186745993,0.1318506144847893,0.8346138982858807,0.3741706062231383,0.7698469937504279,0.45054095826893353,0.21534967549695702,0.2662811814154619,0.8191959587455273,0.027180067950169876,0.8013049884234897,0.09404990403071017,29.290185407368956,14253,11646,12636,12504
38,0.41236597205874054,0.10929540392566675,0.5981796878640278,0.251437384439161,0.6748959764834811,0.4642473340497644,0.2921568453510949,0.3665606189516989,0.8777986422071357,0.11181102362204724,0.8624512494583273,0.5843064498526683,27.746270224028247,83076,72582,86304,86150,0.42361395857668355,0.1381371882852936,1.002982983210794,0.3873169574705432,0.8434134015196184,0.36759402369912414,0.17022638179443314,0.2295826258623291,0.8170911387076405,0.0,0.7707850978741317,0.08717518860016764,29.734628927200955,14253,11646,12636,12504
39,0.40752862994020783,0.10871066732751687,0.5957433139949547,0.24603111263565625,0.6680710468640805,0.4724604221635884,0.2920273743241905,0.365435597228279,0.8794838461168087,0.11772999647514981,0.866411478646059,0.5950817279626387,27.77914662164137,83076,72768,86243,86045,0.39962393715888805,0.1296261204041428,1.0625466937593249,0.38538455300721536,0.8343526920093713,0.45131375579598143,0.19981791097431328,0.2511675320893283,0.820037886760682,0.036076662908680945,0.7638391917491054,0.05396290050590219,29.57054786440712,14253,11646,12636,12504
40,0.40412059612850215,0.10910575746438654,0.5699587645981962,0.2464311739403016,0.6571261875353374,0.4815942468244565,0.30336137942950103,0.37544728490133644,0.8791106938225239,0.14505831276070486,0.8751263902932255,0.6082917988219302,27.825001997933494,83076,72586,86166,85984,0.41405380532142366,0.12932367756271138,1.1103492830081179,0.3813290844664175,0.8622215103859558,0.40005151983513654,0.19740517163128932,0.2505830812602478,0.8217217427909914,0.05784204671857619,0.7158492948852873,0.05988857938718663,29.331768026321612,14253,11646,12636,12504
41,0.40323617780172427,0.10778259701088976,0.5558660980325675,0.2426750764148157,0.6508658015977246,0.4808253496310979,0.3057626678857965,0.37528367507121263,0.8813496075882324,0.17878863617428975,0.8781838316722038,0.6136814780882578,27.61026123678114,83076,72648,86226,86055,0.43440534277630716,0.14763268148548683,1.0531369428826844,0.3835611343174694,0.8713484569502524,0.3572900566718186,0.17590646920598957,0.22659635805216657,0.8227741528099347,0.08478260869565217,0.7872026941696485,0.038058991436726926,30.540472328137326,14253,11646,12636,12504
42,0.4041195702062619,0.1084063805858055,0.5738314679940449,0.2413198728805112,0.6570548993563192,0.4821062480221247,0.30699496076074023,0.375826496026603,0.8831431460349559,0.20556464811783962,0.8749458327314747,0.6081840467659815,27.67298691147841,83076,72679,86481,86285,0.41629096452063913,0.1321331533886688,1.1662901865761046,0.40269313682918007,0.8863565938759072,0.40443070582174134,0.18425673318787963,0.2351607735358249,0.8191959587455273,0.024971623155505107,0.723847611029257,0.046511627906976744,29.596508931671284,14253,11646,12636,12504
43,0.4041823022911652,0.10879072979388604,0.5631294739358867,0.2421226841840398,0.654182900246905,0.4773688051665496,0.3067523683323464,0.37516591361767115,0.8850570561895132,0.25682932523931823,0.8732485916510183,0.6128961105801044,27.746660175916073,83076,72621,86284,86100,0.422161379166087,0.1402553962782223,1.010128214168087,0.3916346831279228,0.8456033989255642,0.3583204533745492,0.20026609849173307,0.2605859408753596,0.8238265628288781,0.08524590163934426,0.7103767627867817,0.058823529411764705,30.055711209721583,14253,11646,12636,12504
44,0.4031002149118595,0.1088216246724403,0.5262370226061094,0.2404898484291078,0.641715778781246,0.480657892927376,0.31344056846124896,0.3790643303678594,0.8829625884732053,0.19810309278350516,0.8816023881746834,0.6289701999245567,27.760933605007313,83076,72717,86278,86085,0.41919223652767196,0.13347423163762398,1.0901238899109515,0.3930463752127326,0.8648809480347911,0.389747552807831,0.2009737612532065,0.25920029324121224,0.8204588507682593,0.038331454340473504,0.8046727004841087,0.03734439834024896,29.383960207513105,14253,11646,12636,12504
45,0.39974455230845274,0.10869044447617923,0.5196026399817015,0.24201803348251424,0.6366360843423199,0.4822385366592747,0.3102635537818842,0.37755755587142575,0.8827579565698878,0.2206753080492879,0.8863811449756849,0.6381722697128838,27.739329128152047,83076,72601,86182,85999,0.40612961651922935,0.12915033000869539,1.0118717991041986,0.39891807088967013,0.8282198694310315,0.43688820195775374,0.2073847520078795,0.26288514271059954,0.8185645127341612,0.02927927927927928,0.7366870132603662,0.08217168011738811,29.24012373572767,14253,11646,12636,12504
46,0.4033948046553605,0.10892211843358933,0.624556290230344,0.24562912627662162,0.6725641525098649,0.4808634836720084,0.30632551935811075,0.3738225853948931,0.8817709085656508,0.19399310684391924,0.858153979488661,0.5805808656036446,27.724667820189946,83076,72636,86223,86052,0.4142902470957327,0.133911231251144,1.0703587242363126,0.38078566710923684,0.8517283671638171,0.41499227202472955,0.20639558742439634,0.2619246661375677,0.8202483687644706,0.04899777282850779,0.7295306251315512,0.03745318352059925,29.792291970395613,14253,11646,12636,12504
47,0.40221261299134586,0.10832749765714046,0.5561149645031913,0.24180338887275457,0.6499060294139962,0.479942160710597,0.30910816597291746,0.3781814096028924,0.8805671914873128,0.1688725079577819,0.8782199431845539,0.6172876867788917,27.656481417488624,83076,72615,86375,86180,0.4197316877713816,0.13400900518482897,1.0971911608323894,0.3792161772370397,0.8649349730239551,0.37789799072642966,0.19786616550858777,0.25076221754439104,0.8215112607872027,0.0556792873051225,0.7552094295937697,0.05061224489795919,29.490550829101203,14253,11646,12636,12504
48,0.4034553261337366,0.10884127992271406,0.5565113008289208,0.2433042252192609,0.6517219454030792,0.48272682228584013,0.309313155200459,0.3769569023015897,0.8805671914873128,0.16213477453132916,0.8806273773412298,0.6236289802269536,27.73557946087317,83076,72656,86123,85944,0.40988624489120057,0.13636790582233405,0.949683541211297,0.38980310338593815,0.8136622996784775,0.43019062339000513,0.21862440864964566,0.2753583140679771,0.8202483687644706,0.038288288288288286,0.7817301620711429,0.08473080317740513,29.7735236908392,14253,11646,12636,12504
49,0.4008227037306703,0.10848058685926738,0.522875258588838,0.24464085252147594,0.6391576278693971,0.48494407405366685,0.30979859949747585,0.3775088313514459,0.883082960181039,0.23753826830991442,0.884575569358178,0.6329850346384965,27.696793972086954,83076,72596,86148,85968,0.41808779073695773,0.13548249264992807,1.096359747029736,0.38984548033124344,0.8656095587071055,0.4327666151468315,0.2106778067625496,0.2649265803390647,0.8210902967796253,0.053452115812917596,0.7613134077036413,0.055,29.758284074091666,14253,11646,12636,12504
50,0.398045037674843,0.10878794928960026,0.5086897376316158,0.24224366795156302,0.6317370773415205,0.4911884257664485,0.31520904553929435,0.380772025161659,0.8839375993066589,0.23982970671712395,0.8888487649862776,0.6481481481481481,27.754456058961487,83076,72575,86177,86005,0.40841695978073944,0.13960175451317577,1.2034386894430753,0.3840940869842288,0.8881479103644605,0.4461617722823287,0.2061040745077256,0.2601660889731767,0.8210902967796253,0.053452115812917596,0.7470006314460114,0.046031746031746035,29.978764859062125,14253,11646,12636,12504
51,0.40186349460194604,0.10945816208411972,0.508692277769836,0.24342995419480562,0.6359946173970938,0.4823701374812118,0.31065832850472563,0.379510769087734,0.8826857335451875,0.23284005037783376,0.8845514950166113,0.6337775401886289,27.844457563237018,83076,72519,86384,86178,0.4217518539142,0.1367006087497972,1.1503778646044636,0.38035723726966714,0.8839468433744118,0.3902627511591963,0.19762967695522593,0.2539900339269615,0.8217217427909914,0.07025246981339188,0.7427909913702379,0.04081632653061224,29.82517564418992,14253,11646,12636,12504
52,0.40587290036809753,0.10888037435397924,0.6153231606800754,0.2460527860635889,0.6723445180910318,0.47958299522755093,0.31037974051333006,0.3788259501828727,0.882986662814772,0.1976062732150227,0.8427825123982859,0.5591818826150056,27.70966058785695,83076,72709,86425,86260,0.41461810781388153,0.1333798907671257,1.1220623342679574,0.3823619541357101,0.8677231661515485,0.4162802679031427,0.21516508306660617,0.26873277555829184,0.8177225847190065,0.006880733944954129,0.7049042306882761,0.05398110661268556,29.482318556039896,14253,11646,12636,12504
53,0.4009781018601918,0.10839669845778506,0.5387409805937273,0.2446964399498,0.6440586935656054,0.4873305347188769,0.3141571110923375,0.38230786362863034,0.8806875631951466,0.1580020387359837,0.8786171698204054,0.6241520685799479,27.662044825348005,83076,72655,86411,86248,0.4094504516584567,0.13135378535181855,1.1339420313660509,0.3911493322702573,0.867269063127869,0.42941782586295724,0.21592895921380112,0.2681842884646279,0.8183540307303726,0.013714285714285714,0.7427909913702379,0.0453125,29.348408082119946,14253,11646,12636,12504
54,0.4000390888270637,0.10890124787639684,0.5151761945139215,0.240581993063664,0.6353787201568919,0.48445981318711595,0.3156370009790659,0.3830120059018358,0.8837931532572584,0.2393633785061456,0.8866820742452693,0.6407967032967034,27.748476017051143,83076,72586,86282,86106,0.3981405398845338,0.12970398422866078,0.9013472689548425,0.3812507100584699,0.7837060578512788,0.4778464708912932,0.22678939657202932,0.26604383777856644,0.82193222479478,0.06828193832599119,0.8326668069880026,0.08515535097813579,29.07290313052048,14253,11646,12636,12504
55,0.4006690054212114,0.10747817262870998,0.49200020927871807,0.2423675809211796,0.6289860361776757,0.4843127798828798,0.3139442953167742,0.3803352740187971,0.8815662766623333,0.20889281981185173,0.8941691944725312,0.6499442586399108,27.520606325520042,83076,72575,86234,86069,0.4048055683630588,0.13006048652637564,1.1990332973636528,0.3861861315173684,0.8807709298335411,0.43147861926841835,0.21364375825279133,0.2633703946115547,0.8257209008629762,0.11158798283261803,0.7251105030519891,0.03829160530191458,29.150405932266697,14253,11646,12636,12504
56,0.3993874939283309,0.10847588514602202,0.48357295281989565,0.24164918461258753,0.6253319822406237,0.4894146435346842,0.3187392701908167,0.38485725779211505,0.8823486927632529,0.17379543533389688,0.8938562280321634,0.6526979125640016,27.700755100841157,83076,72742,86419,86247,0.41898739675086966,0.13908841287563878,1.115388796679607,0.3923130629899535,0.8737931722154341,0.3995363214837713,0.21061134230196146,0.2687358461620436,0.8210902967796253,0.05133928571428571,0.7754157019574827,0.039603960396039604,29.68988176324999,14253,11646,12636,12504
57,0.40612409305570213,0.10888890460280352,0.5894983097300313,0.24650251335319176,0.664940760026191,0.4773040268826089,0.304705122026378,0.37467053967751357,0.8813857191005826,0.19938251543711408,0.8641484905387837,0.586653970114269,27.68874676875383,83076,72612,86179,86010,0.4008854897854195,0.12946824725153028,1.1018226408819596,0.39416815044753956,0.8491063863149745,0.44513137557959814,0.21491940018863614,0.26418068124782496,0.8179330667227952,0.009163802978235968,0.7556303936013471,0.05686433793663688,28.982205531885818,14253,11646,12636,12504
58,0.39554824600199523,0.10888231006332351,0.45682446478239014,0.24327256731235894,0.6139147919181811,0.49056760116006076,0.32125098117550577,0.38702697986197165,0.8809523809523809,0.22613458528951486,0.9005970436708556,0.6710746435115111,27.794214567938663,83076,72410,86151,85991,0.41706649576443366,0.13814973558151689,1.0030437432920056,0.3801419724458261,0.8354529339156557,0.4067490984028851,0.21127345552320956,0.271004143611704,0.8215112607872027,0.061946902654867256,0.8053041464954747,0.05708460754332314,29.777572823179526,14253,11646,12636,12504
59,0.4009490366204529,0.10955001782385106,0.5052805326039942,0.23915393290576423,0.6332289883299592,0.48503841765975286,0.314491380324775,0.38050816251482544,0.8866820742452693,0.25838979045218213,0.8784727237710048,0.6259355316783994,27.939586654036667,83076,72753,86508,86317,0.4089726045835414,0.12465631301671351,1.2375376097304374,0.4169761297669836,0.9010260073610834,0.39824832560535806,0.19203112388983118,0.23774117124370944,0.8187749947379499,0.02491506228765572,0.6234476952220586,0.05593667546174143,29.46027205912581,14253,11646,12636,12504
60,0.40117033514934486,0.10881305950238077,0.47374004334737974,0.24116364217578226,0.6241689944394295,0.4814069797880988,0.30986735543461963,0.3771534572881999,0.8839616736482258,0.23076923076923078,0.8953608743800857,0.6587634936211972,27.78850095631284,83076,72581,86147,85964,0.4277982251009155,0.135721036477592,1.095304758366573,0.39265684510903265,0.8756373325759715,0.3693972179289026,0.18610231104060013,0.24489845553413486,0.8191959587455273,0.027180067950169876,0.7716270258892864,0.0557006092254134,29.741922136448604,14253,11646,12636,12504
